,PassengerId,Survived,Pclass,Sex,Age,SibSp,Parch,Ticket,Fare,Embarked,Title,FamilySize
0,343,0,2,male,28.0,0,0,248740,13.0,S,Mrs,0
1,76,0,3,male,25.0,0,0,348123,7.65,S,Mrs,0
2,641,0,3,male,20.0,0,0,350050,7.8542,S,Mrs,0
3,568,0,3,female,29.0,0,4,349909,21.075,S,Mrs,4
4,672,0,1,male,31.0,1,0,F.C. 12750,52.0,S,Mrs,1
5,105,0,3,male,37.0,2,0,3101276,7.925,S,Mrs,2
6,576,0,3,male,19.0,0,0,358585,14.5,S,Mrs,0
7,382,1,3,female,1.0,0,2,2653,15.7417,C,Miss,2
8,228,0,3,male,20.5,0,0,A/5 21173,7.25,S,Mrs,0
9,433,1,2,female,42.0,1,0,SC/AH 3085,26.0,S,Mrs,1
10,135,0,2,male,25.0,0,0,C.A. 29178,13.0,S,Mrs,0
11,294,0,3,female,24.0,0,0,349236,8.85,S,Miss,0
12,755,1,2,female,48.0,1,2,220845,65.0,S,Mrs,3
13,595,0,2,male,37.0,1,0,SC/AH 29037,26.0,S,Mrs,1
14,127,0,3,male,28.0,0,0,370372,7.75,Q,Mrs,0
15,434,0,3,male,17.0,0,0,STON/O 2. 3101274,7.125,S,Mrs,0
16,378,0,1,male,27.0,0,2,113503,211.5,C,Mrs,2
17,533,0,3,male,17.0,1,1,2690,7.2292,C,Mrs,2
18,666,0,2,male,32.0,2,0,S.O.C. 14879,73.5,S,Mrs,2
19,225,1,1,male,38.0,1,0,19943,90.0,S,Mrs,1
20,83,1,3,female,28.0,0,0,330932,7.7875,Q,Miss,0
21,130,0,3,male,45.0,0,0,347061,6.975,S,Mrs,0
22,544,1,2,male,32.0,1,0,2908,26.0,S,Mrs,1
23,815,0,3,male,30.5,0,0,364499,8.05,S,Mrs,0
24,273,1,2,female,41.0,0,1,250644,19.5,S,Mrs,1
25,464,0,2,male,48.0,0,0,234360,13.0,S,Mrs,0
26,588,1,1,male,60.0,1,1,13567,79.2,C,Mrs,2
27,661,1,1,male,50.0,2,0,PC 17611,133.65,S,Officer,2
28,90,0,3,male,24.0,0,0,343275,8.05,S,Mrs,0
29,115,0,3,female,17.0,0,0,2627,14.4583,C,Miss,0
30,373,0,3,male,19.0,0,0,323951,8.05,S,Mrs,0
31,729,0,2,male,25.0,1,0,236853,26.0,S,Mrs,1
32,528,0,1,male,28.0,0,0,PC 17483,221.7792,S,Mrs,0
33,537,0,1,male,45.0,0,0,113050,26.55,S,Officer,0
34,727,1,2,female,30.0,3,0,31027,21.0,S,Mrs,3
35,31,0,1,male,40.0,0,0,PC 17601,27.7208,C,Royalty,0
36,477,0,2,male,34.0,1,0,31027,21.0,S,Mrs,1
37,431,1,1,male,28.0,0,0,110564,26.55,S,Mrs,0
38,664,0,3,male,36.0,0,0,349210,7.4958,S,Mrs,0
39,44,1,2,female,3.0,1,2,SC/Paris 2123,41.5792,C,Miss,3
40,347,1,2,female,40.0,0,0,31418,13.0,S,Miss,0
41,891,0,3,male,32.0,0,0,370376,7.75,Q,Mrs,0
42,100,0,2,male,34.0,1,0,244367,26.0,S,Mrs,1
43,72,0,3,female,16.0,5,2,CA 2144,46.9,S,Miss,7
44,198,0,3,male,42.0,0,1,4579,8.4042,S,Mrs,1
45,307,1,1,female,28.0,0,0,17421,110.8833,C,Miss,0
46,704,0,3,male,25.0,0,0,36864,7.7417,Q,Mrs,0
47,51,0,3,male,7.0,4,1,3101295,39.6875,S,Master,5
48,399,0,2,male,23.0,0,0,244278,10.5,S,Officer,0
49,563,0,2,male,28.0,0,0,218629,13.5,S,Mrs,0
50,186,0,1,male,28.0,0,0,113767,50.0,S,Mrs,0
51,483,0,3,male,50.0,0,0,A/5 3594,8.05,S,Mrs,0
52,445,1,3,male,28.0,0,0,65306,8.1125,S,Mrs,0
53,839,1,3,male,32.0,0,0,1601,56.4958,S,Mrs,0
54,75,1,3,male,32.0,0,0,1601,56.4958,S,Mrs,0
55,697,0,3,male,44.0,0,0,363592,8.05,S,Mrs,0
56,794,0,1,male,28.0,0,0,PC 17600,30.6958,C,Mrs,0
57,117,0,3,male,70.5,0,0,370369,7.75,Q,Mrs,0
58,686,0,2,male,25.0,1,2,SC/Paris 2123,41.5792,C,Mrs,3
59,453,0,1,male,30.0,0,0,113051,27.75,C,Mrs,0
60,152,1,1,female,22.0,1,0,113776,66.6,S,Mrs,1
61,639,0,3,female,41.0,0,5,3101295,39.6875,S,Mrs,5
62,538,1,1,female,30.0,0,0,PC 17761,106.425,C,Miss,0
63,718,1,2,female,27.0,0,0,34218,10.5,S,Miss,0
64,279,0,3,male,7.0,4,1,382652,29.125,Q,Master,5
65,397,0,3,female,31.0,0,0,350407,7.8542,S,Miss,0
66,877,0,3,male,20.0,0,0,7534,9.8458,S,Mrs,0
67,887,0,2,male,27.0,0,0,211536,13.0,S,Officer,0
68,220,0,2,male,30.0,0,0,W/C 14208,10.5,S,Mrs,0
69,863,1,1,female,48.0,0,0,17466,25.9292,S,Mrs,0
70,618,0,3,female,26.0,1,0,A/5. 3336,16.1,S,Mrs,1
71,45,1,3,female,19.0,0,0,330958,7.8792,Q,Miss,0
72,608,1,1,male,27.0,0,0,113804,30.5,S,Mrs,0
73,400,1,2,female,28.0,0,0,240929,12.65,S,Mrs,0
74,878,0,3,male,19.0,0,0,349212,7.8958,S,Mrs,0
75,662,0,3,male,40.0,0,0,2623,7.225,C,Mrs,0
76,212,1,2,female,35.0,0,0,F.C.C. 13528,21.0,S,Miss,0
77,296,0,1,male,28.0,0,0,PC 17612,27.7208,C,Mrs,0
78,29,1,3,female,28.0,0,0,330959,7.8792,Q,Miss,0
79,316,1,3,female,26.0,0,0,347470,7.8542,S,Miss,0
80,565,0,3,female,28.0,0,0,SOTON/O.Q. 392087,8.05,S,Miss,0
81,416,0,3,female,28.0,0,0,343095,8.05,S,Mrs,0
82,756,1,2,male,0.67,1,1,250649,14.5,S,Master,2
83,744,0,3,male,24.0,1,0,376566,16.1,S,Mrs,1
84,826,0,3,male,28.0,0,0,368323,6.95,Q,Mrs,0
85,442,0,3,male,20.0,0,0,345769,9.5,S,Mrs,0
86,811,0,3,male,26.0,0,0,3474,7.8875,S,Mrs,0
87,541,1,1,female,36.0,0,2,WE/P 5735,71.0,S,Miss,2
88,556,0,1,male,62.0,0,0,113807,26.55,S,Mrs,0
89,612,0,3,male,28.0,0,0,SOTON/O.Q. 3101305,7.05,S,Mrs,0
90,329,1,3,female,31.0,1,1,363291,20.525,S,Mrs,2
91,780,1,1,female,43.0,0,1,24160,211.3375,S,Mrs,1
92,717,1,1,female,38.0,0,0,PC 17757,227.525,C,Miss,0
93,50,0,3,female,18.0,1,0,349237,17.8,S,Mrs,1
94,305,0,3,male,28.0,0,0,A/5 2466,8.05,S,Mrs,0
95,525,0,3,male,28.0,0,0,2700,7.2292,C,Mrs,0
96,131,0,3,male,33.0,0,0,349241,7.8958,C,Mrs,0
97,889,0,3,female,28.0,1,2,W./C. 6607,23.45,S,Miss,3
98,32,1,1,female,28.0,1,0,PC 17569,146.5208,C,Mrs,1
99,96,0,3,male,28.0,0,0,374910,8.05,S,Mrs,0
100,197,0,3,male,28.0,0,0,368703,7.75,Q,Mrs,0
101,412,0,3,male,28.0,0,0,394140,6.8583,Q,Mrs,0
102,825,0,3,male,2.0,4,1,3101295,39.6875,S,Master,5
103,805,1,3,male,27.0,0,0,347089,6.975,S,Mrs,0
104,245,0,3,male,30.0,0,0,2694,7.225,C,Mrs,0
105,466,0,3,male,38.0,0,0,SOTON/O.Q. 3101306,7.05,S,Mrs,0
106,553,0,3,male,28.0,0,0,330979,7.8292,Q,Mrs,0
107,141,0,3,female,28.0,0,2,2678,15.2458,C,Mrs,2
108,181,0,3,female,28.0,8,2,CA. 2343,69.55,S,Miss,10
109,566,0,3,male,24.0,2,0,A/4 48871,24.15,S,Mrs,2
110,210,1,1,male,40.0,0,0,112277,31.0,C,Mrs,0
111,349,1,3,male,3.0,1,1,C.A. 37671,15.9,S,Master,2
112,706,0,2,male,39.0,0,0,250655,26.0,S,Mrs,0
113,795,0,3,male,25.0,0,0,349203,7.8958,S,Mrs,0
114,82,1,3,male,29.0,0,0,345779,9.5,S,Mrs,0
115,352,0,1,male,28.0,0,0,113510,35.0,S,Mrs,0
116,501,0,3,male,17.0,0,0,315086,8.6625,S,Mrs,0
117,763,1,3,male,20.0,0,0,2663,7.2292,C,Mrs,0
118,617,0,3,male,34.0,1,1,347080,14.4,S,Mrs,2
119,479,0,3,male,22.0,0,0,350060,7.5208,S,Mrs,0
120,883,0,3,female,22.0,0,0,7552,10.5167,S,Miss,0
121,688,0,3,male,19.0,0,0,349228,10.1708,S,Mrs,0
122,493,0,1,male,55.0,0,0,113787,30.5,S,Mrs,0
123,648,1,1,male,56.0,0,0,13213,35.5,C,Officer,0
124,339,1,3,male,45.0,0,0,7598,8.05,S,Mrs,0
125,314,0,3,male,28.0,0,0,349243,7.8958,S,Mrs,0
126,580,1,3,male,32.0,0,0,STON/O 2. 3101286,7.925,S,Mrs,0
127,683,0,3,male,20.0,0,0,6563,9.225,S,Mrs,0
128,56,1,1,male,28.0,0,0,19947,35.5,S,Mrs,0
129,235,0,2,male,24.0,0,0,C.A. 29566,10.5,S,Mrs,0
130,402,0,3,male,26.0,0,0,341826,8.05,S,Mrs,0
131,290,1,3,female,22.0,0,0,370373,7.75,Q,Miss,0
132,95,0,3,male,59.0,0,0,364500,7.25,S,Mrs,0
133,471,0,3,male,28.0,0,0,323592,7.25,S,Mrs,0
134,597,1,2,female,28.0,0,0,248727,33.0,S,Miss,0
135,835,0,3,male,18.0,0,0,2223,8.3,S,Mrs,0
136,499,0,1,female,25.0,1,2,113781,151.55,S,Mrs,3
137,219,1,1,female,32.0,0,0,11813,76.2917,C,Miss,0
138,340,0,1,male,45.0,0,0,113784,35.5,S,Mrs,0
139,311,1,1,female,24.0,0,0,11767,83.1583,C,Miss,0
140,441,1,2,female,45.0,1,1,F.C.C. 13529,26.25,S,Mrs,2
141,217,1,3,female,27.0,0,0,STON/O2. 3101283,7.925,S,Miss,0
142,472,0,3,male,38.0,0,0,315089,8.6625,S,Mrs,0
143,554,1,3,male,22.0,0,0,2620,7.225,C,Mrs,0
144,571,1,2,male,62.0,0,0,S.W./PP 752,10.5,S,Mrs,0
145,86,1,3,female,33.0,3,0,3101278,15.85,S,Mrs,3
146,302,1,3,male,28.0,2,0,367226,23.25,Q,Mrs,2
147,12,1,1,female,58.0,0,0,113783,26.55,S,Miss,0
148,313,0,2,female,26.0,1,1,250651,26.0,S,Mrs,2
149,564,0,3,male,28.0,0,0,SOTON/OQ 392082,8.05,S,Mrs,0
150,475,0,3,female,22.0,0,0,7553,9.8375,S,Miss,0
151,122,0,3,male,28.0,0,0,A4. 54510,8.05,S,Mrs,0
152,679,0,3,female,43.0,1,6,CA 2144,46.9,S,Mrs,7
153,643,0,3,female,2.0,3,2,347088,27.9,S,Miss,5
154,281,0,3,male,65.0,0,0,336439,7.75,Q,Mrs,0
155,750,0,3,male,31.0,0,0,335097,7.75,Q,Mrs,0
156,791,0,3,male,28.0,0,0,12460,7.75,Q,Mrs,0
157,405,0,3,female,20.0,0,0,315096,8.6625,S,Miss,0
158,17,0,3,male,2.0,4,1,382652,29.125,Q,Master,5
159,740,0,3,male,28.0,0,0,349218,7.8958,S,Mrs,0
160,819,0,3,male,43.0,0,0,C 7075,6.45,S,Mrs,0
161,218,0,2,male,42.0,1,0,243847,27.0,S,Mrs,1
162,875,1,2,female,28.0,1,0,P/PP 3381,24.0,C,Mrs,1
163,859,1,3,female,24.0,0,3,2666,19.2583,C,Mrs,3
164,610,1,1,female,40.0,0,0,PC 17582,153.4625,S,Miss,0
165,183,0,3,male,9.0,4,2,347077,31.3875,S,Master,6
166,173,1,3,female,1.0,1,1,347742,11.1333,S,Miss,2
167,223,0,3,male,51.0,0,0,21440,8.05,S,Mrs,0
168,497,1,1,female,54.0,1,0,36947,78.2667,C,Miss,1
169,368,1,3,female,28.0,0,0,2626,7.2292,C,Mrs,0
170,243,0,2,male,29.0,0,0,W./C. 14263,10.5,S,Mrs,0
171,649,0,3,male,28.0,0,0,S.O./P.P. 751,7.55,S,Mrs,0
172,246,0,1,male,44.0,2,0,19928,90.0,Q,Officer,2
173,736,0,3,male,28.5,0,0,54636,16.1,S,Mrs,0
174,390,1,2,female,17.0,0,0,SC 1748,12.0,C,Miss,0
175,687,0,3,male,14.0,4,1,3101295,39.6875,S,Mrs,5
176,91,0,3,male,29.0,0,0,343276,8.05,S,Mrs,0
177,708,1,1,male,42.0,0,0,PC 17476,26.2875,S,Mrs,0
178,801,0,2,male,34.0,0,0,250647,13.0,S,Mrs,0
179,145,0,2,male,18.0,0,0,231945,11.5,S,Mrs,0
180,168,0,3,female,45.0,1,4,347088,27.9,S,Mrs,5
181,309,0,2,male,30.0,1,0,P/PP 3381,24.0,C,Mrs,1
182,842,0,2,male,16.0,0,0,S.O./P.P. 3,10.5,S,Mrs,0
183,188,1,1,male,45.0,0,0,111428,26.55,S,Mrs,0
184,447,1,2,female,13.0,0,1,250644,19.5,S,Miss,1
185,549,0,3,male,33.0,1,1,363291,20.525,S,Mrs,2
186,495,0,3,male,21.0,0,0,A/4 45380,8.05,S,Mrs,0
187,790,0,1,male,46.0,0,0,PC 17593,79.2,C,Mrs,0
188,408,1,2,male,3.0,1,1,29106,18.75,S,Master,2
189,461,1,1,male,48.0,0,0,19952,26.55,S,Mrs,0
190,473,1,2,female,33.0,1,2,C.A. 34651,27.75,S,Mrs,3
191,636,1,2,female,28.0,0,0,237668,13.0,S,Miss,0
192,427,1,2,female,28.0,1,0,2003,26.0,S,Mrs,1
193,751,1,2,female,4.0,1,1,29103,23.0,S,Miss,2
194,531,1,2,female,2.0,1,1,26360,26.0,S,Miss,2
195,207,0,3,male,32.0,1,0,3101278,15.85,S,Mrs,1
196,635,0,3,female,9.0,3,2,347088,27.9,S,Miss,5
197,14,0,3,male,39.0,1,5,347082,31.275,S,Mrs,6
198,282,0,3,male,28.0,0,0,347464,7.8542,S,Mrs,0
199,800,0,3,female,30.0,1,1,345773,24.15,S,Mrs,2
200,733,0,2,male,28.0,0,0,239855,0.0,S,Mrs,0
201,628,1,1,female,21.0,0,0,13502,77.9583,S,Miss,0
202,77,0,3,male,28.0,0,0,349208,7.8958,S,Mrs,0
203,325,0,3,male,28.0,8,2,CA. 2343,69.55,S,Mrs,10
204,598,0,3,male,49.0,0,0,LINE,0.0,S,Mrs,0
205,776,0,3,male,18.0,0,0,347078,7.75,S,Mrs,0
206,200,0,2,female,24.0,0,0,248747,13.0,S,Miss,0
207,654,1,3,female,28.0,0,0,330919,7.8292,Q,Miss,0
208,604,0,3,male,44.0,0,0,364511,8.05,S,Mrs,0
209,133,0,3,female,47.0,1,0,A/5. 3337,14.5,S,Mrs,1
210,681,0,3,female,28.0,0,0,330935,8.1375,Q,Miss,0
211,268,1,3,male,25.0,1,0,347083,7.775,S,Mrs,1
212,841,0,3,male,20.0,0,0,SOTON/O2 3101287,7.925,S,Mrs,0
213,350,0,3,male,42.0,0,0,315088,8.6625,S,Mrs,0
214,136,0,2,male,23.0,0,0,SC/PARIS 2133,15.0458,C,Mrs,0
215,490,1,3,male,9.0,1,1,C.A. 37671,15.9,S,Master,2
216,87,0,3,male,16.0,1,3,W./C. 6608,34.375,S,Mrs,4
217,676,0,3,male,18.0,0,0,349912,7.775,S,Mrs,0
218,227,1,2,male,19.0,0,0,SW/PP 751,10.5,S,Mrs,0
219,855,0,2,female,44.0,1,0,244252,26.0,S,Mrs,1
220,547,1,2,female,19.0,1,0,2908,26.0,S,Mrs,1
221,854,1,1,female,16.0,0,1,PC 17592,39.4,S,Miss,1
222,719,0,3,male,28.0,0,0,36568,15.5,Q,Mrs,0
223,609,1,2,female,22.0,1,2,SC/Paris 2123,41.5792,C,Mrs,3
224,622,1,1,male,42.0,1,0,11753,52.5542,S,Mrs,1
225,583,0,2,male,54.0,0,0,28403,26.0,S,Mrs,0
226,536,1,2,female,7.0,0,2,F.C.C. 13529,26.25,S,Miss,2
227,239,0,2,male,19.0,0,0,28665,10.5,S,Mrs,0
228,11,1,3,female,4.0,1,1,PP 9549,16.7,S,Miss,2
229,277,0,3,female,45.0,0,0,347073,7.75,S,Miss,0
230,579,0,3,female,28.0,1,0,2689,14.4583,C,Mrs,1
231,660,0,1,male,58.0,0,2,35273,113.275,C,Mrs,2
232,8,0,3,male,2.0,3,1,349909,21.075,S,Master,4
233,711,1,1,female,24.0,0,0,PC 17482,49.5042,C,Miss,0
234,852,0,3,male,74.0,0,0,347060,7.775,S,Mrs,0
235,22,1,2,male,34.0,0,0,248698,13.0,S,Mrs,0
236,237,0,2,male,44.0,1,0,26707,26.0,S,Mrs,1
237,174,0,3,male,21.0,0,0,STON/O 2. 3101280,7.925,S,Mrs,0
238,601,1,2,female,24.0,2,1,243847,27.0,S,Mrs,3
239,20,1,3,female,28.0,0,0,2649,7.225,C,Mrs,0
240,423,0,3,male,29.0,0,0,315082,7.875,S,Mrs,0
241,468,0,1,male,56.0,0,0,113792,26.55,S,Mrs,0
242,714,0,3,male,29.0,0,0,7545,9.4833,S,Mrs,0
243,728,1,3,female,28.0,0,0,36866,7.7375,Q,Miss,0
244,357,1,1,female,22.0,0,1,113505,55.0,S,Miss,1
245,401,1,3,male,39.0,0,0,STON/O 2. 3101289,7.925,S,Mrs,0
246,393,0,3,male,28.0,2,0,3101277,7.925,S,Mrs,2
247,684,0,3,male,14.0,5,2,CA 2144,46.9,S,Mrs,7
248,745,1,3,male,31.0,0,0,STON/O 2. 3101288,7.925,S,Mrs,0
249,716,0,3,male,19.0,0,0,348124,7.65,S,Mrs,0
250,351,0,3,male,23.0,0,0,7267,9.225,S,Mrs,0
251,818,0,2,male,31.0,1,1,S.C./PARIS 2079,37.0042,C,Mrs,2
252,861,0,3,male,41.0,2,0,350026,14.1083,S,Mrs,2
253,748,1,2,female,30.0,0,0,250648,13.0,S,Miss,0
254,543,0,3,female,11.0,4,2,347082,31.275,S,Miss,6
255,376,1,1,female,28.0,1,0,PC 17604,82.1708,C,Mrs,1
256,452,0,3,male,28.0,1,0,65303,19.9667,S,Mrs,1
257,870,1,3,male,4.0,1,1,347742,11.1333,S,Master,2
258,301,1,3,female,28.0,0,0,9234,7.75,Q,Miss,0
259,361,0,3,male,40.0,1,4,347088,27.9,S,Mrs,5
260,605,1,1,male,35.0,0,0,111426,26.55,C,Mrs,0
261,68,0,3,male,19.0,0,0,S.P. 3464,8.1583,S,Mrs,0
262,632,0,3,male,51.0,0,0,347743,7.0542,S,Mrs,0
263,140,0,1,male,24.0,0,0,PC 17593,79.2,C,Mrs,0
264,653,0,3,male,21.0,0,0,8475,8.4333,S,Mrs,0
265,797,1,1,female,49.0,0,0,17465,25.9292,S,Officer,0
266,149,0,2,male,36.5,0,2,230080,26.0,S,Mrs,2
267,26,1,3,female,38.0,1,5,347077,31.3875,S,Mrs,6
268,721,1,2,female,6.0,0,1,248727,33.0,S,Miss,1
269,833,0,3,male,28.0,0,0,2671,7.2292,C,Mrs,0
270,73,0,2,male,21.0,0,0,S.O.C. 14879,73.5,S,Mrs,0
271,99,1,2,female,34.0,0,1,231919,23.0,S,Mrs,1
272,258,1,1,female,30.0,0,0,110152,86.5,S,Miss,0
273,519,1,2,female,36.0,1,0,226875,26.0,S,Mrs,1
274,569,0,3,male,28.0,0,0,2686,7.2292,C,Mrs,0
275,650,1,3,female,23.0,0,0,CA. 2314,7.55,S,Miss,0
276,146,0,2,male,19.0,1,1,C.A. 33112,36.75,S,Mrs,2
277,359,1,3,female,28.0,0,0,330931,7.8792,Q,Miss,0
278,540,1,1,female,22.0,0,2,13568,49.5,C,Miss,2
279,67,1,2,female,29.0,0,0,C.A. 29395,10.5,S,Mrs,0
280,671,1,2,female,40.0,1,1,29750,39.0,S,Mrs,2
281,707,1,2,female,45.0,0,0,223596,13.5,S,Mrs,0
282,38,0,3,male,21.0,0,0,A./5. 2152,8.05,S,Mrs,0
283,266,0,2,male,36.0,0,0,C.A. 17248,10.5,S,Mrs,0
284,413,1,1,female,33.0,1,0,19928,90.0,Q,Miss,1
285,747,0,3,male,16.0,1,1,C.A. 2673,20.25,S,Mrs,2
286,511,1,3,male,29.0,0,0,382651,7.75,Q,Mrs,0
287,21,0,2,male,35.0,0,0,239865,26.0,S,Mrs,0
288,303,0,3,male,19.0,0,0,LINE,0.0,S,Mrs,0
289,555,1,3,female,22.0,0,0,347085,7.775,S,Miss,0
290,70,0,3,male,26.0,2,0,315151,8.6625,S,Mrs,2
291,213,0,3,male,22.0,0,0,A/5 21174,7.25,S,Mrs,0
292,251,0,3,male,28.0,0,0,362316,7.25,S,Mrs,0
293,103,0,1,male,21.0,0,1,35281,77.2875,S,Mrs,1
294,226,0,3,male,22.0,0,0,PP 4348,9.35,S,Mrs,0
295,242,1,3,female,28.0,1,0,367230,15.5,Q,Miss,1
296,377,1,3,female,22.0,0,0,C 7077,7.25,S,Miss,0
297,881,1,2,female,25.0,0,1,230433,26.0,S,Mrs,1
298,2,1,1,female,38.0,1,0,PC 17599,71.2833,C,Mrs,1
299,446,1,1,male,4.0,0,2,33638,81.8583,S,Master,2
300,455,0,3,male,28.0,0,0,A/5 2817,8.05,S,Mrs,0
301,529,0,3,male,39.0,0,0,3101296,7.925,S,Mrs,0
302,334,0,3,male,16.0,2,0,345764,18.0,S,Mrs,2
303,322,0,3,male,27.0,0,0,349219,7.8958,S,Mrs,0
304,517,1,2,female,34.0,0,0,C.A. 34260,10.5,S,Mrs,0
305,796,0,2,male,39.0,0,0,28213,13.0,S,Mrs,0
306,614,0,3,male,28.0,0,0,370377,7.75,Q,Mrs,0
307,806,0,3,male,31.0,0,0,347063,7.775,S,Mrs,0
308,456,1,3,male,29.0,0,0,349240,7.8958,C,Mrs,0
309,860,0,3,male,28.0,0,0,2629,7.2292,C,Mrs,0
310,65,0,1,male,28.0,0,0,PC 17605,27.7208,C,Mrs,0
311,199,1,3,female,28.0,0,0,370370,7.75,Q,Miss,0
312,161,0,3,male,44.0,0,1,371362,16.1,S,Mrs,1
313,15,0,3,female,14.0,0,0,350406,7.8542,S,Miss,0
314,575,0,3,male,16.0,0,0,A/4. 20589,8.05,S,Mrs,0
315,607,0,3,male,30.0,0,0,349246,7.8958,S,Mrs,0
316,515,0,3,male,24.0,0,0,349209,7.4958,S,Mrs,0
317,758,0,2,male,18.0,0,0,29108,11.5,S,Mrs,0
318,629,0,3,male,26.0,0,0,349224,7.8958,S,Mrs,0
319,57,1,2,female,21.0,0,0,C.A. 31026,10.5,S,Miss,0
320,395,1,3,female,24.0,0,2,PP 9549,16.7,S,Mrs,2
321,153,0,3,male,55.5,0,0,A.5. 11206,8.05,S,Mrs,0
322,409,0,3,male,21.0,0,0,312992,7.775,S,Mrs,0
323,3,1,3,female,26.0,0,0,STON/O2. 3101282,7.925,S,Miss,0
324,415,1,3,male,44.0,0,0,STON/O 2. 3101269,7.925,S,Mrs,0
325,438,1,2,female,24.0,2,3,29106,18.75,S,Mrs,5
326,850,1,1,female,28.0,1,0,17453,89.1042,C,Mrs,1
327,882,0,3,male,33.0,0,0,349257,7.8958,S,Mrs,0
328,884,0,2,male,28.0,0,0,C.A./SOTON 34068,10.5,S,Mrs,0
329,792,0,2,male,16.0,0,0,239865,26.0,S,Mrs,0
330,287,1,3,male,30.0,0,0,345774,9.5,S,Mrs,0
331,71,0,2,male,32.0,0,0,C.A. 33111,10.5,S,Mrs,0
332,437,0,3,female,21.0,2,2,W./C. 6608,34.375,S,Miss,4
333,202,0,3,male,28.0,8,2,CA. 2343,69.55,S,Mrs,10
334,762,0,3,male,41.0,0,0,SOTON/O2 3101272,7.125,S,Mrs,0
335,321,0,3,male,22.0,0,0,A/5 21172,7.25,S,Mrs,0
336,487,1,1,female,35.0,1,0,19943,90.0,S,Mrs,1
337,700,0,3,male,42.0,0,0,348121,7.65,S,Mrs,0
338,869,0,3,male,28.0,0,0,345777,9.5,S,Mrs,0
339,114,0,3,female,20.0,1,0,4136,9.825,S,Miss,1
340,120,0,3,female,2.0,4,2,347082,31.275,S,Miss,6
341,596,0,3,male,36.0,1,1,345773,24.15,S,Mrs,2
342,886,0,3,female,39.0,0,5,382652,29.125,Q,Mrs,5
343,27,0,3,male,28.0,0,0,2631,7.225,C,Mrs,0
344,846,0,3,male,42.0,0,0,C.A. 5547,7.55,S,Mrs,0
345,403,0,3,female,21.0,1,0,4137,9.825,S,Miss,1
346,741,1,1,male,28.0,0,0,16988,30.0,S,Mrs,0
347,386,0,2,male,18.0,0,0,S.O.C. 14879,73.5,S,Mrs,0
348,293,0,2,male,36.0,0,0,SC/Paris 2163,12.875,C,Mrs,0
349,333,0,1,male,38.0,0,1,PC 17582,153.4625,S,Mrs,1
350,112,0,3,female,14.5,1,0,2665,14.4542,C,Miss,1
351,785,0,3,male,25.0,0,0,SOTON/O.Q. 3101312,7.05,S,Mrs,0
352,40,1,3,female,14.0,1,0,2651,11.2417,C,Miss,1
353,505,1,1,female,16.0,0,0,110152,86.5,S,Miss,0
354,848,0,3,male,35.0,0,0,349213,7.8958,C,Mrs,0
355,42,0,2,female,27.0,1,0,11668,21.0,S,Mrs,1
356,47,0,3,male,28.0,1,0,370371,15.5,Q,Mrs,1
357,88,0,3,male,28.0,0,0,SOTON/OQ 392086,8.05,S,Mrs,0
358,616,1,2,female,24.0,1,2,220845,65.0,S,Miss,3
359,689,0,3,male,18.0,0,0,350036,7.7958,S,Mrs,0
360,341,1,2,male,2.0,1,1,230080,26.0,S,Master,2
361,458,1,1,female,28.0,1,0,17464,51.8625,S,Mrs,1
362,286,0,3,male,33.0,0,0,349239,8.6625,C,Mrs,0
363,326,1,1,female,36.0,0,0,PC 17760,135.6333,C,Miss,0
364,630,0,3,male,28.0,0,0,334912,7.7333,Q,Mrs,0
365,651,0,3,male,28.0,0,0,349221,7.8958,S,Mrs,0
366,241,0,3,female,28.0,1,0,2665,14.4542,C,Miss,1
367,231,1,1,female,35.0,1,0,36973,83.475,S,Mrs,1
368,581,1,2,female,25.0,1,1,237789,30.0,S,Miss,2
369,52,0,3,male,21.0,0,0,A/4. 39886,7.8,S,Mrs,0
370,298,0,1,female,2.0,1,2,113781,151.55,S,Miss,3
371,486,0,3,female,28.0,3,1,4133,25.4667,S,Miss,4
372,840,1,1,male,28.0,0,0,11774,29.7,C,Mrs,0
373,85,1,2,female,17.0,0,0,SO/C 14885,10.5,S,Miss,0
374,39,0,3,female,18.0,2,0,345764,18.0,S,Miss,2
375,288,0,3,male,22.0,0,0,349206,7.8958,S,Mrs,0
376,59,1,2,female,5.0,1,2,C.A. 34651,27.75,S,Miss,3
377,119,0,1,male,24.0,0,1,PC 17558,247.5208,C,Mrs,1
378,613,1,3,female,28.0,1,0,367230,15.5,Q,Miss,1
379,623,1,3,male,20.0,1,1,2653,15.7417,C,Mrs,2
380,761,0,3,male,28.0,0,0,358585,14.5,S,Mrs,0
381,847,0,3,male,28.0,8,2,CA. 2343,69.55,S,Mrs,10
382,768,0,3,female,30.5,0,0,364850,7.75,Q,Miss,0
383,457,0,1,male,65.0,0,0,13509,26.55,S,Mrs,0
384,789,1,3,male,1.0,1,2,C.A. 2315,20.575,S,Master,3
385,156,0,1,male,51.0,0,1,PC 17597,61.3792,C,Mrs,1
386,124,1,2,female,32.5,0,0,27267,13.0,S,Miss,0
387,876,1,3,female,15.0,0,0,2667,7.225,C,Miss,0
388,675,0,2,male,28.0,0,0,239856,0.0,S,Mrs,0
389,735,0,2,male,23.0,0,0,233639,13.0,S,Mrs,0
390,874,0,3,male,47.0,0,0,345765,9.0,S,Mrs,0
391,389,0,3,male,28.0,0,0,367655,7.7292,Q,Mrs,0
392,862,0,2,male,21.0,1,0,28134,11.5,S,Mrs,1
393,324,1,2,female,22.0,1,1,248738,29.0,S,Mrs,2
394,498,0,3,male,28.0,0,0,C.A. 6212,15.1,S,Mrs,0
395,108,1,3,male,28.0,0,0,312991,7.775,S,Mrs,0
396,830,1,1,female,62.0,0,0,113572,80.0,S,Mrs,0
397,663,0,1,male,47.0,0,0,5727,25.5875,S,Mrs,0
398,557,1,1,female,48.0,1,0,11755,39.6,C,Royalty,1
399,62,1,1,female,38.0,0,0,113572,80.0,S,Miss,0
400,782,1,1,female,17.0,1,0,17474,57.0,S,Mrs,1
401,5,0,3,male,35.0,0,0,373450,8.05,S,Mrs,0
402,192,0,2,male,19.0,0,0,28424,13.0,S,Mrs,0
403,374,0,1,male,22.0,0,0,PC 17760,135.6333,C,Mrs,0
404,656,0,2,male,24.0,2,0,S.O.C. 14879,73.5,S,Mrs,2
405,411,0,3,male,28.0,0,0,349222,7.8958,S,Mrs,0
406,518,0,3,male,28.0,0,0,371110,24.15,Q,Mrs,0
407,591,0,3,male,35.0,0,0,STON/O 2. 3101273,7.125,S,Mrs,0
408,713,1,1,male,48.0,1,0,19996,52.0,S,Mrs,1
409,853,0,3,female,9.0,1,1,2678,15.2458,C,Miss,2
410,64,0,3,male,4.0,3,2,347088,27.9,S,Master,5
411,260,1,2,female,50.0,0,1,230433,26.0,S,Mrs,1
412,857,1,1,female,45.0,1,1,36928,164.8667,S,Mrs,2
413,550,1,2,male,8.0,1,1,C.A. 33112,36.75,S,Master,2
414,134,1,2,female,29.0,1,0,228414,26.0,S,Mrs,1
415,291,1,1,female,26.0,0,0,19877,78.85,S,Miss,0
416,773,0,2,female,57.0,0,0,S.O./P.P. 3,10.5,S,Mrs,0
417,391,1,1,male,36.0,1,2,113760,120.0,S,Mrs,3
418,637,0,3,male,32.0,0,0,STON/O 2. 3101292,7.925,S,Mrs,0
419,734,0,2,male,23.0,0,0,28425,13.0,S,Mrs,0
420,506,0,1,male,18.0,1,0,PC 17758,108.9,C,Mrs,1
421,866,1,2,female,42.0,0,0,236852,13.0,S,Mrs,0
422,318,0,2,male,54.0,0,0,29011,14.0,S,Officer,0
423,767,0,1,male,28.0,0,0,112379,39.6,C,Officer,0
424,802,1,2,female,31.0,1,1,C.A. 31921,26.25,S,Mrs,2
425,640,0,3,male,28.0,1,0,376564,16.1,S,Mrs,1
426,194,1,2,male,3.0,1,1,230080,26.0,S,Master,2
427,215,0,3,male,28.0,1,0,367229,7.75,Q,Mrs,1
428,323,1,2,female,30.0,0,0,234818,12.35,Q,Miss,0
429,355,0,3,male,28.0,0,0,2647,7.225,C,Mrs,0
430,820,0,3,male,10.0,3,2,347088,27.9,S,Master,5
431,4,1,1,female,35.0,1,0,113803,53.1,S,Mrs,1
432,570,1,3,male,32.0,0,0,350417,7.8542,S,Mrs,0
433,647,0,3,male,19.0,0,0,349231,7.8958,S,Mrs,0
434,440,0,2,male,31.0,0,0,C.A. 18723,10.5,S,Mrs,0
435,838,0,3,male,28.0,0,0,392092,8.05,S,Mrs,0
436,267,0,3,male,16.0,4,1,3101295,39.6875,S,Mrs,5
437,611,0,3,female,39.0,1,5,347082,31.275,S,Mrs,6
438,344,0,2,male,25.0,0,0,244361,13.0,S,Mrs,0
439,33,1,3,female,28.0,0,0,335677,7.75,Q,Miss,0
440,125,0,1,male,54.0,0,1,35281,77.2875,S,Mrs,1
441,582,1,1,female,39.0,1,1,17421,110.8833,C,Mrs,2
442,211,0,3,male,24.0,0,0,SOTON/O.Q. 3101311,7.05,S,Mrs,0
443,674,1,2,male,31.0,0,0,244270,13.0,S,Mrs,0
444,827,0,3,male,28.0,0,0,1601,56.4958,S,Mrs,0
445,642,1,1,female,24.0,0,0,PC 17477,69.3,C,Miss,0
446,731,1,1,female,29.0,0,0,24160,211.3375,S,Miss,0
447,742,0,1,male,36.0,1,0,19877,78.85,S,Mrs,1
448,208,1,3,male,26.0,0,0,2699,18.7875,C,Mrs,0
449,443,0,3,male,25.0,1,0,347076,7.775,S,Mrs,1
450,430,1,3,male,32.0,0,0,SOTON/O.Q. 392078,8.05,S,Mrs,0
451,710,1,3,male,28.0,1,1,2661,15.2458,C,Master,2
452,109,0,3,male,38.0,0,0,349249,7.8958,S,Mrs,0
453,526,0,3,male,40.5,0,0,367232,7.75,Q,Mrs,0
454,23,1,3,female,15.0,0,0,330923,8.0292,Q,Miss,0
455,774,0,3,male,28.0,0,0,2674,7.225,C,Mrs,0
456,534,1,3,female,28.0,0,2,2668,22.3583,C,Mrs,2
457,873,0,1,male,33.0,0,0,695,5.0,S,Mrs,0
458,462,0,3,male,34.0,0,0,364506,8.05,S,Mrs,0
459,269,1,1,female,58.0,0,1,PC 17582,153.4625,S,Mrs,1
460,669,0,3,male,43.0,0,0,A/5 3536,8.05,S,Mrs,0
461,589,0,3,male,22.0,0,0,14973,8.05,S,Mrs,0
462,844,0,3,male,34.5,0,0,2683,6.4375,C,Mrs,0
463,224,0,3,male,28.0,0,0,349234,7.8958,S,Mrs,0
464,63,0,1,male,45.0,1,0,36973,83.475,S,Mrs,1
465,691,1,1,male,31.0,1,0,17474,57.0,S,Mrs,1
466,209,1,3,female,16.0,0,0,367231,7.75,Q,Miss,0
467,289,1,2,male,42.0,0,0,237798,13.0,S,Mrs,0
468,542,0,3,female,9.0,4,2,347082,31.275,S,Miss,6
469,586,1,1,female,18.0,0,2,110413,79.65,S,Miss,2
470,66,1,3,male,28.0,1,1,2661,15.2458,C,Master,2
471,295,0,3,male,24.0,0,0,349233,7.8958,S,Mrs,0
472,292,1,1,female,19.0,1,0,11967,91.0792,C,Mrs,1
473,764,1,1,female,36.0,1,2,113760,120.0,S,Mrs,3
474,55,0,1,male,65.0,0,1,113509,61.9792,C,Mrs,1
475,129,1,3,female,28.0,1,1,2668,22.3583,C,Miss,2
476,353,0,3,male,15.0,1,1,2695,7.2292,C,Mrs,2
477,362,0,2,male,29.0,1,0,SC/PARIS 2167,27.7208,C,Mrs,1
478,678,1,3,female,18.0,0,0,4138,9.8417,S,Miss,0
479,203,0,3,male,34.0,0,0,3101264,6.4958,S,Mrs,0
480,348,1,3,female,28.0,1,0,386525,16.1,S,Mrs,1
481,98,1,1,male,23.0,0,1,PC 17759,63.3583,C,Mrs,1
482,645,1,3,female,0.75,2,1,2666,19.2583,C,Miss,3
483,743,1,1,female,21.0,2,2,PC 17608,262.375,C,Miss,4
484,766,1,1,female,51.0,1,0,13502,77.9583,S,Mrs,1
485,356,0,3,male,28.0,0,0,345783,9.5,S,Mrs,0
486,449,1,3,female,5.0,2,1,2666,19.2583,C,Miss,3
487,546,0,1,male,64.0,0,0,693,26.0,S,Mrs,0
488,162,1,2,female,40.0,0,0,C.A. 33595,15.75,S,Mrs,0
489,216,1,1,female,31.0,1,0,35273,113.275,C,Miss,1
490,562,0,3,male,40.0,0,0,349251,7.8958,S,Mrs,0
491,864,0,3,female,28.0,8,2,CA. 2343,69.55,S,Miss,10
492,270,1,1,female,35.0,0,0,PC 17760,135.6333,S,Miss,0
493,276,1,1,female,63.0,1,0,13502,77.9583,S,Miss,1
494,770,0,3,male,32.0,0,0,8471,8.3625,S,Mrs,0
495,670,1,1,female,28.0,1,0,19996,52.0,S,Mrs,1
496,439,0,1,male,64.0,1,4,19950,263.0,S,Mrs,5
497,574,1,3,female,28.0,0,0,14312,7.75,Q,Miss,0
498,110,1,3,female,28.0,1,0,371110,24.15,Q,Miss,1
499,299,1,1,male,28.0,0,0,19988,30.5,S,Mrs,0
500,709,1,1,female,22.0,0,0,113781,151.55,S,Miss,0
501,54,1,2,female,29.0,1,0,2926,26.0,S,Mrs,1
502,123,0,2,male,32.5,1,0,237736,30.0708,C,Mrs,1
503,404,0,3,male,28.0,1,0,STON/O2. 3101279,15.85,S,Mrs,1
504,94,0,3,male,26.0,1,2,C.A. 2315,20.575,S,Mrs,3
505,147,1,3,male,27.0,0,0,350043,7.7958,S,Mrs,0
506,280,1,3,female,35.0,1,1,C.A. 2673,20.25,S,Mrs,2
507,590,0,3,male,28.0,0,0,A./5. 3235,8.05,S,Mrs,0
508,69,1,3,female,17.0,4,2,3101281,7.925,S,Miss,6
509,522,0,3,male,22.0,0,0,349252,7.8958,S,Mrs,0
510,262,1,3,male,3.0,4,2,347077,31.3875,S,Master,6
511,379,0,3,male,20.0,0,0,2648,4.0125,C,Mrs,0
512,240,0,2,male,33.0,0,0,SCO/W 1585,12.275,S,Mrs,0
513,484,1,3,female,63.0,0,0,4134,9.5875,S,Mrs,0
514,176,0,3,male,18.0,1,1,350404,7.8542,S,Mrs,2
515,383,0,3,male,32.0,0,0,STON/O 2. 3101293,7.925,S,Mrs,0
516,398,0,2,male,46.0,0,0,28403,26.0,S,Mrs,0
517,481,0,3,male,9.0,5,2,CA 2144,46.9,S,Master,7
518,867,1,2,female,27.0,1,0,SC/PARIS 2149,13.8583,C,Miss,1
519,19,0,3,female,31.0,1,0,345763,18.0,S,Mrs,1
520,772,0,3,male,48.0,0,0,350047,7.8542,S,Mrs,0
521,823,0,1,male,38.0,0,0,19972,0.0,S,Royalty,0
522,625,0,3,male,21.0,0,0,54636,16.1,S,Mrs,0
523,171,0,1,male,61.0,0,0,111240,33.5,S,Mrs,0
524,385,0,3,male,28.0,0,0,349227,7.8958,S,Mrs,0
525,480,1,3,female,2.0,0,1,3101298,12.2875,S,Miss,1
526,603,0,1,male,28.0,0,0,113796,42.4,S,Mrs,0
527,58,0,3,male,28.5,0,0,2697,7.2292,C,Mrs,0
528,169,0,1,male,28.0,0,0,PC 17318,25.925,S,Mrs,0
529,254,0,3,male,30.0,1,0,A/5. 3336,16.1,S,Mrs,1
530,712,0,1,male,28.0,0,0,113028,26.55,S,Mrs,0
531,30,0,3,male,28.0,0,0,349216,7.8958,S,Mrs,0
532,500,0,3,male,24.0,0,0,350035,7.7958,S,Mrs,0
533,808,0,3,female,18.0,0,0,347087,7.775,S,Miss,0
534,354,0,3,male,25.0,1,0,349237,17.8,S,Mrs,1
535,810,1,1,female,33.0,1,0,113806,53.1,S,Mrs,1
536,631,1,1,male,80.0,0,0,27042,30.0,S,Mrs,0
537,312,1,1,female,18.0,2,2,PC 17608,262.375,C,Miss,4
538,387,0,3,male,1.0,5,2,CA 2144,46.9,S,Master,7
539,507,1,2,female,33.0,0,2,26360,26.0,S,Mrs,2
540,492,0,3,male,21.0,0,0,SOTON/OQ 3101317,7.25,S,Mrs,0
541,6,0,3,male,28.0,0,0,330877,8.4583,Q,Mrs,0
542,380,0,3,male,19.0,0,0,347069,7.775,S,Mrs,0
543,584,0,1,male,36.0,0,0,13049,40.125,C,Mrs,0
544,272,1,3,male,25.0,0,0,LINE,0.0,S,Mrs,0
545,765,0,3,male,16.0,0,0,347074,7.775,S,Mrs,0
546,658,0,3,female,32.0,1,1,364849,15.5,Q,Mrs,2
547,865,0,2,male,24.0,0,0,233866,13.0,S,Mrs,0
548,739,0,3,male,28.0,0,0,349201,7.8958,S,Mrs,0
549,160,0,3,male,28.0,8,2,CA. 2343,69.55,S,Master,10
550,845,0,3,male,17.0,0,0,315090,8.6625,S,Mrs,0
551,315,0,2,male,43.0,1,1,F.C.C. 13529,26.25,S,Mrs,2
552,659,0,2,male,23.0,0,0,29751,13.0,S,Mrs,0
553,93,0,1,male,46.0,1,0,W.E.P. 5734,61.175,S,Mrs,1
554,491,0,3,male,28.0,1,0,65304,19.9667,S,Mrs,1
555,521,1,1,female,30.0,0,0,12749,93.5,S,Miss,0
556,677,0,3,male,24.5,0,0,342826,8.05,S,Mrs,0
557,259,1,1,female,35.0,0,0,PC 17755,512.3292,C,Miss,0
558,524,1,1,female,44.0,0,1,111361,57.9792,C,Mrs,1
559,720,0,3,male,33.0,0,0,347062,7.775,S,Mrs,0
560,182,0,2,male,28.0,0,0,SC/PARIS 2131,15.05,C,Mrs,0
561,460,0,3,male,28.0,0,0,371060,7.75,Q,Mrs,0
562,308,1,1,female,17.0,1,0,PC 17758,108.9,C,Mrs,1
563,680,1,1,male,36.0,0,1,PC 17755,512.3292,C,Mrs,1
564,165,0,3,male,1.0,4,1,3101295,39.6875,S,Master,5
565,170,0,3,male,28.0,0,0,1601,56.4958,S,Mrs,0
566,28,0,1,male,19.0,3,2,19950,263.0,S,Mrs,5
567,482,0,2,male,28.0,0,0,239854,0.0,S,Mrs,0
568,7,0,1,male,54.0,0,0,17463,51.8625,S,Mrs,0
569,34,0,2,male,66.0,0,0,C.A. 24579,10.5,S,Mrs,0
570,157,1,3,female,16.0,0,0,35851,7.7333,Q,Miss,0
571,221,1,3,male,16.0,0,0,SOTON/OQ 392089,8.05,S,Mrs,0
572,155,0,3,male,28.0,0,0,Fa 265302,7.3125,S,Mrs,0
573,626,0,1,male,61.0,0,0,36963,32.3208,S,Mrs,0
574,777,0,3,male,28.0,0,0,383121,7.75,Q,Mrs,0
575,89,1,1,female,23.0,3,2,19950,263.0,S,Miss,5
576,230,0,3,female,28.0,3,1,4133,25.4667,S,Miss,4
577,238,1,2,female,8.0,0,2,C.A. 31921,26.25,S,Miss,2
578,265,0,3,female,28.0,0,0,382649,7.75,Q,Miss,0
579,49,0,3,male,28.0,2,0,2662,21.6792,C,Mrs,2
580,488,0,1,male,58.0,0,0,11771,29.7,C,Mrs,0
581,175,0,1,male,56.0,0,0,17764,30.6958,C,Mrs,0
582,257,1,1,female,28.0,0,0,PC 17585,79.2,C,Mrs,0
583,832,1,2,male,0.8300000000000001,1,1,29106,18.75,S,Master,2
584,421,0,3,male,28.0,0,0,349254,7.8958,C,Mrs,0
585,79,1,2,male,0.8300000000000001,0,2,248738,29.0,S,Master,2
586,422,0,3,male,21.0,0,0,A/5. 13032,7.7333,Q,Mrs,0
587,158,0,3,male,30.0,0,0,SOTON/OQ 392090,8.05,S,Mrs,0
588,97,0,1,male,71.0,0,0,PC 17754,34.6542,C,Mrs,0
589,283,0,3,male,16.0,0,0,345778,9.5,S,Mrs,0
590,769,0,3,male,28.0,1,0,371110,24.15,Q,Mrs,1
591,784,0,3,male,28.0,1,2,W./C. 6607,23.45,S,Mrs,3
592,144,0,3,male,19.0,0,0,365222,6.75,Q,Mrs,0
593,185,1,3,female,4.0,0,2,315153,22.025,S,Miss,2
594,559,1,1,female,39.0,1,1,110413,79.65,S,Mrs,2
595,37,1,3,male,28.0,0,0,2677,7.2292,C,Mrs,0
596,177,0,3,male,28.0,3,1,4133,25.4667,S,Master,4
597,448,1,1,male,34.0,0,0,113794,26.55,S,Mrs,0
598,138,0,1,male,37.0,1,0,113803,53.1,S,Mrs,1
599,256,1,3,female,29.0,0,2,2650,15.2458,C,Mrs,2
600,489,0,3,male,30.0,0,0,A.5. 18509,8.05,S,Mrs,0
601,646,1,1,male,48.0,1,0,PC 17572,76.7292,C,Mrs,1
602,274,0,1,male,37.0,0,1,PC 17596,29.7,C,Mrs,1
603,370,1,1,female,24.0,0,0,PC 17477,69.3,C,Miss,0
604,319,1,1,female,31.0,0,2,36928,164.8667,S,Miss,2
605,163,0,3,male,26.0,0,0,347068,7.775,S,Mrs,0
606,410,0,3,female,28.0,3,1,4133,25.4667,S,Miss,4
607,831,1,3,female,15.0,1,0,2659,14.4542,C,Mrs,1
608,128,1,3,male,24.0,0,0,C 17369,7.1417,S,Mrs,0
609,512,0,3,male,28.0,0,0,SOTON/OQ 3101316,8.05,S,Mrs,0
610,606,0,3,male,36.0,1,0,349910,15.55,S,Mrs,1
611,885,0,3,male,25.0,0,0,SOTON/OQ 392076,7.05,S,Mrs,0
612,807,0,1,male,39.0,0,0,112050,0.0,S,Mrs,0
613,701,1,1,female,18.0,1,0,PC 17757,227.525,C,Mrs,1
614,652,1,2,female,18.0,0,1,231919,23.0,S,Miss,1
615,657,0,3,male,28.0,0,0,349223,7.8958,S,Mrs,0
616,381,1,1,female,42.0,0,0,PC 17757,227.525,C,Miss,0
617,106,0,3,male,28.0,0,0,349207,7.8958,S,Mrs,0
618,164,0,3,male,17.0,0,0,315093,8.6625,S,Mrs,0
619,172,0,3,male,4.0,4,1,382652,29.125,Q,Master,5
620,320,1,1,female,40.0,1,1,16966,134.5,C,Mrs,2
621,788,0,3,male,8.0,4,1,382652,29.125,Q,Master,5
622,724,0,2,male,50.0,0,0,250643,13.0,S,Mrs,0
623,783,0,1,male,29.0,0,0,113501,30.0,S,Mrs,0
624,24,1,1,male,28.0,0,0,113788,35.5,S,Mrs,0
625,154,0,3,male,40.5,0,2,A/5. 851,14.5,S,Mrs,2
626,204,0,3,male,45.5,0,0,2628,7.225,C,Mrs,0
627,364,0,3,male,35.0,0,0,SOTON/O.Q. 3101310,7.05,S,Mrs,0
628,644,1,3,male,28.0,0,0,1601,56.4958,S,Mrs,0
629,560,1,3,female,36.0,1,0,345572,17.4,S,Mrs,1
630,693,1,3,male,28.0,0,0,1601,56.4958,S,Mrs,0
631,738,1,1,male,35.0,0,0,PC 17755,512.3292,C,Mrs,0
632,13,0,3,male,20.0,0,0,A/5. 2151,8.05,S,Mrs,0
633,35,0,1,male,28.0,1,0,PC 17604,82.1708,C,Mrs,1
634,166,1,3,male,9.0,0,2,363291,20.525,S,Master,2
635,578,1,1,female,39.0,1,0,13507,55.9,S,Mrs,1
636,726,0,3,male,20.0,0,0,315094,8.6625,S,Mrs,0
637,470,1,3,female,0.75,2,1,2666,19.2583,C,Miss,3
638,561,0,3,male,28.0,0,0,372622,7.75,Q,Mrs,0
639,425,0,3,male,18.0,1,1,370129,20.2125,S,Mrs,2
640,577,1,2,female,34.0,0,0,243880,13.0,S,Miss,0
641,655,0,3,female,18.0,0,0,365226,6.75,Q,Miss,0
642,465,0,3,male,28.0,0,0,A/S 2816,8.05,S,Mrs,0
643,284,1,3,male,19.0,0,0,A/5. 10482,8.05,S,Mrs,0
644,722,0,3,male,17.0,1,0,350048,7.0542,S,Mrs,1
645,813,0,2,male,35.0,0,0,28206,10.5,S,Mrs,0
646,754,0,3,male,23.0,0,0,349204,7.8958,S,Mrs,0
647,879,0,3,male,28.0,0,0,349217,7.8958,S,Mrs,0
648,467,0,2,male,28.0,0,0,239853,0.0,S,Mrs,0
649,638,0,2,male,31.0,1,1,C.A. 31921,26.25,S,Mrs,2
650,451,0,2,male,36.0,1,2,C.A. 34651,27.75,S,Mrs,3
651,396,0,3,male,22.0,0,0,350052,7.7958,S,Mrs,0
652,331,1,3,female,28.0,2,0,367226,23.25,Q,Miss,2
653,705,0,3,male,26.0,1,0,350025,7.8542,S,Mrs,1
654,366,0,3,male,30.0,0,0,C 7076,7.25,S,Mrs,0
655,624,0,3,male,21.0,0,0,350029,7.8542,S,Mrs,0
656,394,1,1,female,23.0,1,0,35273,113.275,C,Miss,1
657,551,1,1,male,17.0,0,2,17421,110.8833,C,Mrs,2
658,419,0,2,male,30.0,0,0,28228,13.0,S,Mrs,0
659,600,1,1,male,49.0,1,0,PC 17485,56.9292,C,Royalty,1
660,508,1,1,male,28.0,0,0,111427,26.55,S,Mrs,0
661,725,1,1,male,27.0,1,0,113806,53.1,S,Mrs,1
662,502,0,3,female,21.0,0,0,364846,7.75,Q,Miss,0
663,817,0,3,female,23.0,0,0,STON/O2. 3101290,7.925,S,Miss,0
664,685,0,2,male,60.0,1,1,29750,39.0,S,Mrs,2
665,730,0,3,female,25.0,1,0,STON/O2. 3101271,7.925,S,Miss,1
666,41,0,3,female,40.0,1,0,7546,9.475,S,Mrs,1
667,159,0,3,male,28.0,0,0,315037,8.6625,S,Mrs,0
668,255,0,3,female,41.0,0,2,370129,20.2125,S,Mrs,2
669,107,1,3,female,21.0,0,0,343120,7.65,S,Miss,0
670,372,0,3,male,18.0,1,0,3101267,6.4958,S,Mrs,1
671,229,0,2,male,18.0,0,0,236171,13.0,S,Mrs,0
672,793,0,3,female,28.0,8,2,CA. 2343,69.55,S,Miss,10
673,732,0,3,male,11.0,0,0,2699,18.7875,C,Mrs,0
674,824,1,3,female,27.0,0,1,392096,12.475,S,Mrs,1
675,180,0,3,male,36.0,0,0,LINE,0.0,S,Mrs,0
676,634,0,1,male,28.0,0,0,112052,0.0,S,Mrs,0
677,698,1,3,female,28.0,0,0,35852,7.7333,Q,Miss,0
678,80,1,3,female,30.0,0,0,364516,12.475,S,Miss,0
679,414,0,2,male,28.0,0,0,239853,0.0,S,Mrs,0
680,539,0,3,male,28.0,0,0,364498,14.5,S,Mrs,0
681,593,0,3,male,47.0,0,0,A/5 3902,7.25,S,Mrs,0
682,454,1,1,male,49.0,1,0,17453,89.1042,C,Mrs,1
683,587,0,2,male,47.0,0,0,237565,15.0,S,Mrs,0
684,523,0,3,male,28.0,0,0,2624,7.225,C,Mrs,0
685,715,0,2,male,52.0,0,0,250647,13.0,S,Mrs,0
686,74,0,3,male,26.0,1,0,2680,14.4542,C,Mrs,1
687,504,0,3,female,37.0,0,0,4135,9.5875,S,Miss,0
688,222,0,2,male,27.0,0,0,220367,13.0,S,Mrs,0
689,746,0,1,male,70.0,1,1,WE/P 5735,71.0,S,Officer,2
690,417,1,2,female,34.0,1,1,28220,32.5,S,Mrs,2
691,837,0,3,male,21.0,0,0,315097,8.6625,S,Mrs,0
692,191,1,2,female,32.0,0,0,234604,13.0,S,Mrs,0
693,328,1,2,female,36.0,0,0,28551,13.0,S,Mrs,0
694,392,1,3,male,21.0,0,0,350034,7.7958,S,Mrs,0
695,752,1,3,male,6.0,0,1,392096,12.475,S,Master,1
696,253,0,1,male,62.0,0,0,113514,26.55,S,Mrs,0
697,880,1,1,female,56.0,0,1,11767,83.1583,C,Mrs,1
698,167,1,1,female,28.0,0,1,113505,55.0,S,Mrs,1
699,195,1,1,female,44.0,0,0,PC 17610,27.7208,C,Mrs,0
700,450,1,1,male,52.0,0,0,113786,30.5,S,Officer,0
701,567,0,3,male,19.0,0,0,349205,7.8958,S,Mrs,0
702,828,1,2,male,1.0,0,2,S.C./PARIS 2079,37.0042,C,Master,2
703,890,1,1,male,26.0,0,0,111369,30.0,C,Mrs,0
704,494,0,1,male,71.0,0,0,PC 17609,49.5042,C,Mrs,0
705,84,0,1,male,28.0,0,0,113059,47.1,S,Mrs,0
706,503,0,3,female,28.0,0,0,330909,7.6292,Q,Miss,0
707,104,0,3,male,33.0,0,0,7540,8.6542,S,Mrs,0
708,116,0,3,male,21.0,0,0,STON/O 2. 3101294,7.925,S,Mrs,0
709,151,0,2,male,51.0,0,0,S.O.P. 1166,12.525,S,Officer,0
710,214,0,2,male,30.0,0,0,250646,13.0,S,Mrs,0
711,476,0,1,male,28.0,0,0,110465,52.0,S,Mrs,0
712,599,0,3,male,28.0,0,0,2664,7.225,C,Mrs,0
713,306,1,1,male,0.92,1,2,113781,151.55,S,Master,3
714,548,1,2,male,28.0,0,0,SC/PARIS 2146,13.8625,C,Mrs,0
715,250,0,2,male,54.0,1,0,244252,26.0,S,Officer,1
716,418,1,2,female,18.0,0,2,250652,13.0,S,Miss,2
717,478,0,3,male,29.0,1,0,3460,7.0458,S,Mrs,1
718,509,0,3,male,28.0,0,0,C 4001,22.525,S,Mrs,0
719,187,1,3,female,28.0,1,0,370365,15.5,Q,Mrs,1
720,779,0,3,male,28.0,0,0,36865,7.7375,Q,Mrs,0
721,435,0,1,male,50.0,1,0,13507,55.9,S,Mrs,1
722,342,1,1,female,24.0,3,2,19950,263.0,S,Miss,5
723,633,1,1,male,32.0,0,0,13214,30.5,C,Officer,0
724,111,0,1,male,47.0,0,0,110465,52.0,S,Mrs,0
725,798,1,3,female,31.0,0,0,349244,8.6833,S,Mrs,0
726,233,0,2,male,59.0,0,0,237442,13.5,S,Mrs,0
727,53,1,1,female,49.0,1,0,PC 17572,76.7292,C,Mrs,1
728,189,0,3,male,40.0,1,1,364849,15.5,Q,Mrs,2
729,358,0,2,female,38.0,0,0,237671,13.0,S,Miss,0
730,516,0,1,male,47.0,0,0,36967,34.0208,S,Mrs,0
731,872,1,1,female,47.0,1,1,11751,52.5542,S,Mrs,2
732,592,1,1,female,52.0,1,0,36947,78.2667,C,Mrs,1
733,665,1,3,male,20.0,1,0,STON/O 2. 3101285,7.925,S,Mrs,1
734,799,0,3,male,30.0,0,0,2685,7.2292,C,Mrs,0
735,205,1,3,male,18.0,0,0,A/5 3540,8.05,S,Mrs,0
736,201,0,3,male,28.0,0,0,345770,9.5,S,Mrs,0
737,384,1,1,female,35.0,1,0,113789,52.0,S,Mrs,1
738,300,1,1,female,50.0,0,1,PC 17558,247.5208,C,Mrs,1
739,9,1,3,female,27.0,0,2,347742,11.1333,S,Mrs,2
740,695,0,1,male,60.0,0,0,113800,26.55,S,Officer,0
741,244,0,3,male,22.0,0,0,STON/O 2. 3101275,7.125,S,Mrs,0
742,36,0,1,male,42.0,1,0,113789,52.0,S,Mrs,1
743,723,0,2,male,34.0,0,0,12233,13.0,S,Mrs,0
744,821,1,1,female,52.0,1,1,12749,93.5,S,Mrs,2
745,139,0,3,male,16.0,0,0,7534,9.2167,S,Mrs,0
746,485,1,1,male,25.0,1,0,11967,91.0792,C,Mrs,1
747,627,0,2,male,57.0,0,0,219533,12.35,Q,Officer,0
748,682,1,1,male,27.0,0,0,PC 17572,76.7292,C,Mrs,0
749,190,0,3,male,36.0,0,0,349247,7.8958,S,Mrs,0
750,363,0,3,female,45.0,0,1,2691,14.4542,C,Mrs,1
751,849,0,2,male,28.0,0,1,248727,33.0,S,Officer,1
752,459,1,2,female,50.0,0,0,F.C.C. 13531,10.5,S,Miss,0
753,346,1,2,female,24.0,0,0,248733,13.0,S,Miss,0
754,694,0,3,male,25.0,0,0,2672,7.225,C,Mrs,0
755,760,1,1,female,33.0,0,0,110152,86.5,S,Royalty,0
756,18,1,2,male,28.0,0,0,244373,13.0,S,Mrs,0
757,338,1,1,female,41.0,0,0,16966,134.5,C,Miss,0
758,615,0,3,male,35.0,0,0,364512,8.05,S,Mrs,0
759,81,0,3,male,22.0,0,0,345767,9.0,S,Mrs,0
760,532,0,3,male,28.0,0,0,2641,7.2292,C,Mrs,0
761,121,0,2,male,21.0,2,0,S.O.C. 14879,73.5,S,Mrs,2
762,572,1,1,female,53.0,2,0,11769,51.4792,S,Mrs,2
763,690,1,1,female,15.0,0,1,24160,211.3375,S,Miss,1
764,804,1,3,male,0.42,0,1,2625,8.5167,C,Master,1
765,249,1,1,male,37.0,1,1,11751,52.5542,S,Mrs,2
766,668,0,3,male,28.0,0,0,312993,7.775,S,Mrs,0
767,496,0,3,male,28.0,0,0,2627,14.4583,C,Mrs,0
768,771,0,3,male,24.0,0,0,345781,9.5,S,Mrs,0
769,814,0,3,female,6.0,4,2,347082,31.275,S,Miss,6
770,330,1,1,female,16.0,0,1,111361,57.9792,C,Miss,1
771,759,0,3,male,34.0,0,0,363294,8.05,S,Mrs,0
772,78,0,3,male,28.0,0,0,374746,8.05,S,Mrs,0
773,101,0,3,female,28.0,0,0,349245,7.8958,S,Miss,0
774,336,0,3,male,28.0,0,0,349225,7.8958,S,Mrs,0
775,367,1,1,female,60.0,1,0,110813,75.25,C,Mrs,1
776,429,0,3,male,28.0,0,0,364851,7.75,Q,Mrs,0
777,148,0,3,female,9.0,2,2,W./C. 6608,34.375,S,Miss,4
778,856,1,3,female,18.0,0,1,392091,9.35,S,Mrs,1
779,420,0,3,female,10.0,0,2,345773,24.15,S,Miss,2
780,469,0,3,male,28.0,0,0,36209,7.725,Q,Mrs,0
781,778,1,3,female,5.0,0,0,364516,12.475,S,Miss,0
782,406,0,2,male,34.0,1,0,28664,21.0,S,Mrs,1
783,527,1,2,female,50.0,0,0,W./C. 14258,10.5,S,Miss,0
784,118,0,2,male,29.0,1,0,11668,21.0,S,Mrs,1
785,702,1,1,male,35.0,0,0,PC 17475,26.2875,S,Mrs,0
786,510,1,3,male,26.0,0,0,1601,56.4958,S,Mrs,0
787,816,0,1,male,28.0,0,0,112058,0.0,S,Mrs,0
788,248,1,2,female,24.0,0,2,250649,14.5,S,Mrs,2
789,703,0,3,female,18.0,0,1,2691,14.4542,C,Miss,1
790,365,0,3,male,28.0,1,0,370365,15.5,Q,Mrs,1
791,310,1,1,female,30.0,0,0,PC 17485,56.9292,C,Miss,0
792,369,1,3,female,28.0,0,0,14313,7.75,Q,Miss,0
793,474,1,2,female,23.0,0,0,SC/AH Basle 541,13.7917,C,Mrs,0
794,667,0,2,male,25.0,0,0,234686,13.0,S,Mrs,0
795,142,1,3,female,22.0,0,0,347081,7.75,S,Miss,0
796,143,1,3,female,24.0,1,0,STON/O2. 3101279,15.85,S,Mrs,1
797,137,1,1,female,19.0,0,2,11752,26.2833,S,Miss,2
798,332,0,1,male,45.5,0,0,113043,28.5,S,Mrs,0
799,371,1,1,male,25.0,1,0,11765,55.4417,C,Mrs,1
800,749,0,1,male,19.0,1,0,113773,53.1,S,Mrs,1
801,335,1,1,female,28.0,1,0,PC 17611,133.65,S,Mrs,1
802,530,0,2,male,23.0,2,1,29104,11.5,S,Mrs,3
803,621,0,3,male,27.0,1,0,2659,14.4542,C,Mrs,1
804,285,0,1,male,28.0,0,0,113056,26.0,S,Mrs,0
805,781,1,3,female,13.0,0,0,2687,7.2292,C,Miss,0
806,803,1,1,male,11.0,1,2,113760,120.0,S,Master,3
807,851,0,3,male,4.0,4,2,347082,31.275,S,Master,6
808,620,0,2,male,26.0,0,0,31028,10.5,S,Mrs,0
809,126,1,3,male,12.0,1,0,2651,11.2417,C,Master,1
810,573,1,1,male,36.0,0,0,PC 17474,26.3875,S,Mrs,0
811,843,1,1,female,30.0,0,0,113798,31.0,C,Miss,0
812,25,0,3,female,8.0,3,1,349909,21.075,S,Miss,4
813,252,0,3,female,29.0,1,1,347054,10.4625,S,Mrs,2
814,871,0,3,male,26.0,0,0,349248,7.8958,S,Mrs,0
815,424,0,3,female,28.0,1,1,347080,14.4,S,Mrs,2
816,545,0,1,male,50.0,1,0,PC 17761,106.425,C,Mrs,1
817,317,1,2,female,24.0,1,0,244367,26.0,S,Mrs,1
818,692,1,3,female,4.0,0,1,349256,13.4167,C,Miss,1
819,48,1,3,female,28.0,0,0,14311,7.75,Q,Miss,0
820,444,1,2,female,28.0,0,0,230434,13.0,S,Mrs,0
821,327,0,3,male,61.0,0,0,345364,6.2375,S,Mrs,0
822,836,1,1,female,39.0,1,1,PC 17756,83.1583,C,Miss,2
823,261,0,3,male,28.0,0,0,384461,7.75,Q,Mrs,0
824,829,1,3,male,28.0,0,0,367228,7.75,Q,Mrs,0
825,232,0,3,male,29.0,0,0,347067,7.775,S,Mrs,0
826,426,0,3,male,28.0,0,0,A/4. 34244,7.25,S,Mrs,0
827,432,1,3,female,28.0,1,0,376564,16.1,S,Mrs,1
828,263,0,1,male,52.0,1,1,110413,79.65,S,Mrs,2
829,407,0,3,male,51.0,0,0,347064,7.75,S,Mrs,0
830,234,1,3,female,5.0,4,2,347077,31.3875,S,Miss,6
831,594,0,3,female,28.0,0,2,364848,7.75,Q,Miss,2
832,436,1,1,female,14.0,1,2,113760,120.0,S,Miss,3
833,696,0,2,male,52.0,0,0,248731,13.5,S,Mrs,0
834,345,0,2,male,36.0,0,0,229236,13.0,S,Mrs,0
835,388,1,2,female,36.0,0,0,27849,13.0,S,Miss,0
836,753,0,3,male,33.0,0,0,345780,9.5,S,Mrs,0
837,132,0,3,male,20.0,0,0,SOTON/O.Q. 3101307,7.05,S,Mrs,0
838,178,0,1,female,50.0,0,0,PC 17595,28.7125,C,Miss,0
839,337,0,1,male,29.0,1,0,113776,66.6,S,Mrs,1
840,247,0,3,female,25.0,0,0,347071,7.775,S,Miss,0
841,513,1,1,male,36.0,0,0,PC 17473,26.2875,S,Mrs,0
842,113,0,3,male,22.0,0,0,324669,8.05,S,Mrs,0
843,16,1,2,female,55.0,0,0,248706,16.0,S,Mrs,0
844,193,1,3,female,19.0,1,0,350046,7.8542,S,Miss,1
845,297,0,3,male,23.5,0,0,2693,7.2292,C,Mrs,0
846,834,0,3,male,23.0,0,0,347468,7.8542,S,Mrs,0
847,888,1,1,female,19.0,0,0,112053,30.0,S,Miss,0
848,822,1,3,male,27.0,0,0,315098,8.6625,S,Mrs,0
849,92,0,3,male,20.0,0,0,347466,7.8542,S,Mrs,0
850,236,0,3,female,28.0,0,0,W./C. 6609,7.55,S,Miss,0
851,757,0,3,male,28.0,0,0,350042,7.7958,S,Mrs,0
852,673,0,2,male,70.0,0,0,C.A. 24580,10.5,S,Mrs,0
853,585,0,3,male,28.0,0,0,3411,8.7125,C,Mrs,0
854,1,0,3,male,22.0,1,0,A/5 21171,7.25,S,Mrs,1
855,264,0,1,male,40.0,0,0,112059,0.0,S,Mrs,0
856,184,1,2,male,1.0,2,1,230136,39.0,S,Master,3
857,514,1,1,female,54.0,1,0,PC 17603,59.4,C,Mrs,1
858,304,1,2,female,28.0,0,0,226593,12.35,Q,Miss,0
859,552,0,2,male,27.0,0,0,244358,26.0,S,Mrs,0
860,206,0,3,female,2.0,0,1,347054,10.4625,S,Miss,1
861,868,0,1,male,31.0,0,0,PC 17590,50.4958,S,Mrs,0
862,619,1,2,female,4.0,2,1,230136,39.0,S,Miss,3
863,858,1,1,male,51.0,0,0,113055,26.55,S,Mrs,0
864,179,0,2,male,30.0,0,0,250653,13.0,S,Mrs,0
865,196,1,1,female,58.0,0,0,PC 17569,146.5208,C,Miss,0
866,558,0,1,male,28.0,0,0,PC 17757,227.525,C,Mrs,0
867,737,0,3,female,48.0,1,3,W./C. 6608,34.375,S,Mrs,4
868,602,0,3,male,28.0,0,0,349214,7.8958,S,Mrs,0
869,46,0,3,male,28.0,0,0,S.C./A.4. 23567,8.05,S,Mrs,0
870,520,0,3,male,32.0,0,0,349242,7.8958,S,Mrs,0
871,812,0,3,male,39.0,0,0,A/4 48871,24.15,S,Mrs,0
872,786,0,3,male,25.0,0,0,374887,7.25,S,Mrs,0
873,43,0,3,male,28.0,0,0,349253,7.8958,C,Mrs,0
874,60,0,3,male,11.0,5,2,CA 2144,46.9,S,Master,7
875,463,0,1,male,47.0,0,0,111320,38.5,S,Mrs,0
876,375,0,3,female,3.0,3,1,349909,21.075,S,Miss,4
877,271,0,1,male,28.0,0,0,113798,31.0,S,Mrs,0
878,787,1,3,female,18.0,0,0,3101265,7.4958,S,Miss,0
879,275,1,3,female,28.0,0,0,370375,7.75,Q,Miss,0
880,360,1,3,female,28.0,0,0,330980,7.8792,Q,Miss,0
881,699,0,1,male,49.0,1,1,17421,110.8833,C,Mrs,2
882,775,1,2,female,54.0,1,3,29105,23.0,S,Mrs,4
883,809,0,2,male,39.0,0,0,248723,13.0,S,Mrs,0
884,278,0,2,male,28.0,0,0,239853,0.0,S,Mrs,0
885,150,0,2,male,42.0,0,0,244310,13.0,S,Officer,0
886,10,1,2,female,14.0,1,0,237736,30.0708,C,Mrs,1
887,61,0,3,male,22.0,0,0,2669,7.2292,C,Mrs,0
888,535,0,3,female,30.0,0,0,315084,8.6625,S,Miss,0
889,102,0,3,male,28.0,0,0,349215,7.8958,S,Mrs,0
890,428,1,2,female,19.0,0,0,250655,26.0,S,Miss,0
